file,brand_name,class_type,alcohol_content,net_contents,bottler,country_of_origin
old-tom-good.png,Old Tom Distillery,Kentucky Straight Bourbon Whiskey,45%,750 mL,"Old Tom Distillery, Louisville, Kentucky",
old-tom-title-case-warning.png,Old Tom Distillery,Kentucky Straight Bourbon Whiskey,45%,750 mL,"Old Tom Distillery, Louisville, Kentucky",
stones-throw-wrong-abv.png,Stone's Throw,London Dry Gin,45%,1000 mL,"Stone's Throw Spirits, Portland, Oregon",
highland-import-bold-body.png,Glen Arden,Single Malt Scotch Whisky,43%,700 mL,"Arden Imports, New York, NY",Scotland
photo-old-tom-tilted.jpg,Old Tom Distillery,Kentucky Straight Bourbon Whiskey,45%,750 mL,"Old Tom Distillery, Louisville, Kentucky",
photo-old-tom-glare-on-brand.jpg,Old Tom Distillery,Kentucky Straight Bourbon Whiskey,45%,750 mL,"Old Tom Distillery, Louisville, Kentucky",
photo-old-tom-glare-on-warning.jpg,Old Tom Distillery,Kentucky Straight Bourbon Whiskey,45%,750 mL,"Old Tom Distillery, Louisville, Kentucky",
photo-old-tom-dim-blurry.jpg,Old Tom Distillery,Kentucky Straight Bourbon Whiskey,45%,750 mL,"Old Tom Distillery, Louisville, Kentucky",
photo-old-tom-title-case-dim-blurry.jpg,Old Tom Distillery,Kentucky Straight Bourbon Whiskey,45%,750 mL,"Old Tom Distillery, Louisville, Kentucky",
old-tom-tiny-warning.png,Old Tom Distillery,Kentucky Straight Bourbon Whiskey,45%,750 mL,"Old Tom Distillery, Louisville, Kentucky",
